garrafa,lote,url,conteudo_qr
001,001,https://seu-dominio.com/?lote=001&garrafa=001&total=250,https://seu-dominio.com/?lote=001&garrafa=001&total=250
002,001,https://seu-dominio.com/?lote=001&garrafa=002&total=250,https://seu-dominio.com/?lote=001&garrafa=002&total=250
003,001,https://seu-dominio.com/?lote=001&garrafa=003&total=250,https://seu-dominio.com/?lote=001&garrafa=003&total=250
004,001,https://seu-dominio.com/?lote=001&garrafa=004&total=250,https://seu-dominio.com/?lote=001&garrafa=004&total=250
005,001,https://seu-dominio.com/?lote=001&garrafa=005&total=250,https://seu-dominio.com/?lote=001&garrafa=005&total=250
006,001,https://seu-dominio.com/?lote=001&garrafa=006&total=250,https://seu-dominio.com/?lote=001&garrafa=006&total=250
007,001,https://seu-dominio.com/?lote=001&garrafa=007&total=250,https://seu-dominio.com/?lote=001&garrafa=007&total=250
008,001,https://seu-dominio.com/?lote=001&garrafa=008&total=250,https://seu-dominio.com/?lote=001&garrafa=008&total=250
009,001,https://seu-dominio.com/?lote=001&garrafa=009&total=250,https://seu-dominio.com/?lote=001&garrafa=009&total=250
010,001,https://seu-dominio.com/?lote=001&garrafa=010&total=250,https://seu-dominio.com/?lote=001&garrafa=010&total=250
011,001,https://seu-dominio.com/?lote=001&garrafa=011&total=250,https://seu-dominio.com/?lote=001&garrafa=011&total=250
012,001,https://seu-dominio.com/?lote=001&garrafa=012&total=250,https://seu-dominio.com/?lote=001&garrafa=012&total=250
013,001,https://seu-dominio.com/?lote=001&garrafa=013&total=250,https://seu-dominio.com/?lote=001&garrafa=013&total=250
014,001,https://seu-dominio.com/?lote=001&garrafa=014&total=250,https://seu-dominio.com/?lote=001&garrafa=014&total=250
015,001,https://seu-dominio.com/?lote=001&garrafa=015&total=250,https://seu-dominio.com/?lote=001&garrafa=015&total=250
016,001,https://seu-dominio.com/?lote=001&garrafa=016&total=250,https://seu-dominio.com/?lote=001&garrafa=016&total=250
017,001,https://seu-dominio.com/?lote=001&garrafa=017&total=250,https://seu-dominio.com/?lote=001&garrafa=017&total=250
018,001,https://seu-dominio.com/?lote=001&garrafa=018&total=250,https://seu-dominio.com/?lote=001&garrafa=018&total=250
019,001,https://seu-dominio.com/?lote=001&garrafa=019&total=250,https://seu-dominio.com/?lote=001&garrafa=019&total=250
020,001,https://seu-dominio.com/?lote=001&garrafa=020&total=250,https://seu-dominio.com/?lote=001&garrafa=020&total=250
021,001,https://seu-dominio.com/?lote=001&garrafa=021&total=250,https://seu-dominio.com/?lote=001&garrafa=021&total=250
022,001,https://seu-dominio.com/?lote=001&garrafa=022&total=250,https://seu-dominio.com/?lote=001&garrafa=022&total=250
023,001,https://seu-dominio.com/?lote=001&garrafa=023&total=250,https://seu-dominio.com/?lote=001&garrafa=023&total=250
024,001,https://seu-dominio.com/?lote=001&garrafa=024&total=250,https://seu-dominio.com/?lote=001&garrafa=024&total=250
025,001,https://seu-dominio.com/?lote=001&garrafa=025&total=250,https://seu-dominio.com/?lote=001&garrafa=025&total=250
026,001,https://seu-dominio.com/?lote=001&garrafa=026&total=250,https://seu-dominio.com/?lote=001&garrafa=026&total=250
027,001,https://seu-dominio.com/?lote=001&garrafa=027&total=250,https://seu-dominio.com/?lote=001&garrafa=027&total=250
028,001,https://seu-dominio.com/?lote=001&garrafa=028&total=250,https://seu-dominio.com/?lote=001&garrafa=028&total=250
029,001,https://seu-dominio.com/?lote=001&garrafa=029&total=250,https://seu-dominio.com/?lote=001&garrafa=029&total=250
030,001,https://seu-dominio.com/?lote=001&garrafa=030&total=250,https://seu-dominio.com/?lote=001&garrafa=030&total=250
031,001,https://seu-dominio.com/?lote=001&garrafa=031&total=250,https://seu-dominio.com/?lote=001&garrafa=031&total=250
032,001,https://seu-dominio.com/?lote=001&garrafa=032&total=250,https://seu-dominio.com/?lote=001&garrafa=032&total=250
033,001,https://seu-dominio.com/?lote=001&garrafa=033&total=250,https://seu-dominio.com/?lote=001&garrafa=033&total=250
034,001,https://seu-dominio.com/?lote=001&garrafa=034&total=250,https://seu-dominio.com/?lote=001&garrafa=034&total=250
035,001,https://seu-dominio.com/?lote=001&garrafa=035&total=250,https://seu-dominio.com/?lote=001&garrafa=035&total=250
036,001,https://seu-dominio.com/?lote=001&garrafa=036&total=250,https://seu-dominio.com/?lote=001&garrafa=036&total=250
037,001,https://seu-dominio.com/?lote=001&garrafa=037&total=250,https://seu-dominio.com/?lote=001&garrafa=037&total=250
038,001,https://seu-dominio.com/?lote=001&garrafa=038&total=250,https://seu-dominio.com/?lote=001&garrafa=038&total=250
039,001,https://seu-dominio.com/?lote=001&garrafa=039&total=250,https://seu-dominio.com/?lote=001&garrafa=039&total=250
040,001,https://seu-dominio.com/?lote=001&garrafa=040&total=250,https://seu-dominio.com/?lote=001&garrafa=040&total=250
041,001,https://seu-dominio.com/?lote=001&garrafa=041&total=250,https://seu-dominio.com/?lote=001&garrafa=041&total=250
042,001,https://seu-dominio.com/?lote=001&garrafa=042&total=250,https://seu-dominio.com/?lote=001&garrafa=042&total=250
043,001,https://seu-dominio.com/?lote=001&garrafa=043&total=250,https://seu-dominio.com/?lote=001&garrafa=043&total=250
044,001,https://seu-dominio.com/?lote=001&garrafa=044&total=250,https://seu-dominio.com/?lote=001&garrafa=044&total=250
045,001,https://seu-dominio.com/?lote=001&garrafa=045&total=250,https://seu-dominio.com/?lote=001&garrafa=045&total=250
046,001,https://seu-dominio.com/?lote=001&garrafa=046&total=250,https://seu-dominio.com/?lote=001&garrafa=046&total=250
047,001,https://seu-dominio.com/?lote=001&garrafa=047&total=250,https://seu-dominio.com/?lote=001&garrafa=047&total=250
048,001,https://seu-dominio.com/?lote=001&garrafa=048&total=250,https://seu-dominio.com/?lote=001&garrafa=048&total=250
049,001,https://seu-dominio.com/?lote=001&garrafa=049&total=250,https://seu-dominio.com/?lote=001&garrafa=049&total=250
050,001,https://seu-dominio.com/?lote=001&garrafa=050&total=250,https://seu-dominio.com/?lote=001&garrafa=050&total=250
051,001,https://seu-dominio.com/?lote=001&garrafa=051&total=250,https://seu-dominio.com/?lote=001&garrafa=051&total=250
052,001,https://seu-dominio.com/?lote=001&garrafa=052&total=250,https://seu-dominio.com/?lote=001&garrafa=052&total=250
053,001,https://seu-dominio.com/?lote=001&garrafa=053&total=250,https://seu-dominio.com/?lote=001&garrafa=053&total=250
054,001,https://seu-dominio.com/?lote=001&garrafa=054&total=250,https://seu-dominio.com/?lote=001&garrafa=054&total=250
055,001,https://seu-dominio.com/?lote=001&garrafa=055&total=250,https://seu-dominio.com/?lote=001&garrafa=055&total=250
056,001,https://seu-dominio.com/?lote=001&garrafa=056&total=250,https://seu-dominio.com/?lote=001&garrafa=056&total=250
057,001,https://seu-dominio.com/?lote=001&garrafa=057&total=250,https://seu-dominio.com/?lote=001&garrafa=057&total=250
058,001,https://seu-dominio.com/?lote=001&garrafa=058&total=250,https://seu-dominio.com/?lote=001&garrafa=058&total=250
059,001,https://seu-dominio.com/?lote=001&garrafa=059&total=250,https://seu-dominio.com/?lote=001&garrafa=059&total=250
060,001,https://seu-dominio.com/?lote=001&garrafa=060&total=250,https://seu-dominio.com/?lote=001&garrafa=060&total=250
061,001,https://seu-dominio.com/?lote=001&garrafa=061&total=250,https://seu-dominio.com/?lote=001&garrafa=061&total=250
062,001,https://seu-dominio.com/?lote=001&garrafa=062&total=250,https://seu-dominio.com/?lote=001&garrafa=062&total=250
063,001,https://seu-dominio.com/?lote=001&garrafa=063&total=250,https://seu-dominio.com/?lote=001&garrafa=063&total=250
064,001,https://seu-dominio.com/?lote=001&garrafa=064&total=250,https://seu-dominio.com/?lote=001&garrafa=064&total=250
065,001,https://seu-dominio.com/?lote=001&garrafa=065&total=250,https://seu-dominio.com/?lote=001&garrafa=065&total=250
066,001,https://seu-dominio.com/?lote=001&garrafa=066&total=250,https://seu-dominio.com/?lote=001&garrafa=066&total=250
067,001,https://seu-dominio.com/?lote=001&garrafa=067&total=250,https://seu-dominio.com/?lote=001&garrafa=067&total=250
068,001,https://seu-dominio.com/?lote=001&garrafa=068&total=250,https://seu-dominio.com/?lote=001&garrafa=068&total=250
069,001,https://seu-dominio.com/?lote=001&garrafa=069&total=250,https://seu-dominio.com/?lote=001&garrafa=069&total=250
070,001,https://seu-dominio.com/?lote=001&garrafa=070&total=250,https://seu-dominio.com/?lote=001&garrafa=070&total=250
071,001,https://seu-dominio.com/?lote=001&garrafa=071&total=250,https://seu-dominio.com/?lote=001&garrafa=071&total=250
072,001,https://seu-dominio.com/?lote=001&garrafa=072&total=250,https://seu-dominio.com/?lote=001&garrafa=072&total=250
073,001,https://seu-dominio.com/?lote=001&garrafa=073&total=250,https://seu-dominio.com/?lote=001&garrafa=073&total=250
074,001,https://seu-dominio.com/?lote=001&garrafa=074&total=250,https://seu-dominio.com/?lote=001&garrafa=074&total=250
075,001,https://seu-dominio.com/?lote=001&garrafa=075&total=250,https://seu-dominio.com/?lote=001&garrafa=075&total=250
076,001,https://seu-dominio.com/?lote=001&garrafa=076&total=250,https://seu-dominio.com/?lote=001&garrafa=076&total=250
077,001,https://seu-dominio.com/?lote=001&garrafa=077&total=250,https://seu-dominio.com/?lote=001&garrafa=077&total=250
078,001,https://seu-dominio.com/?lote=001&garrafa=078&total=250,https://seu-dominio.com/?lote=001&garrafa=078&total=250
079,001,https://seu-dominio.com/?lote=001&garrafa=079&total=250,https://seu-dominio.com/?lote=001&garrafa=079&total=250
080,001,https://seu-dominio.com/?lote=001&garrafa=080&total=250,https://seu-dominio.com/?lote=001&garrafa=080&total=250
081,001,https://seu-dominio.com/?lote=001&garrafa=081&total=250,https://seu-dominio.com/?lote=001&garrafa=081&total=250
082,001,https://seu-dominio.com/?lote=001&garrafa=082&total=250,https://seu-dominio.com/?lote=001&garrafa=082&total=250
083,001,https://seu-dominio.com/?lote=001&garrafa=083&total=250,https://seu-dominio.com/?lote=001&garrafa=083&total=250
084,001,https://seu-dominio.com/?lote=001&garrafa=084&total=250,https://seu-dominio.com/?lote=001&garrafa=084&total=250
085,001,https://seu-dominio.com/?lote=001&garrafa=085&total=250,https://seu-dominio.com/?lote=001&garrafa=085&total=250
086,001,https://seu-dominio.com/?lote=001&garrafa=086&total=250,https://seu-dominio.com/?lote=001&garrafa=086&total=250
087,001,https://seu-dominio.com/?lote=001&garrafa=087&total=250,https://seu-dominio.com/?lote=001&garrafa=087&total=250
088,001,https://seu-dominio.com/?lote=001&garrafa=088&total=250,https://seu-dominio.com/?lote=001&garrafa=088&total=250
089,001,https://seu-dominio.com/?lote=001&garrafa=089&total=250,https://seu-dominio.com/?lote=001&garrafa=089&total=250
090,001,https://seu-dominio.com/?lote=001&garrafa=090&total=250,https://seu-dominio.com/?lote=001&garrafa=090&total=250
091,001,https://seu-dominio.com/?lote=001&garrafa=091&total=250,https://seu-dominio.com/?lote=001&garrafa=091&total=250
092,001,https://seu-dominio.com/?lote=001&garrafa=092&total=250,https://seu-dominio.com/?lote=001&garrafa=092&total=250
093,001,https://seu-dominio.com/?lote=001&garrafa=093&total=250,https://seu-dominio.com/?lote=001&garrafa=093&total=250
094,001,https://seu-dominio.com/?lote=001&garrafa=094&total=250,https://seu-dominio.com/?lote=001&garrafa=094&total=250
095,001,https://seu-dominio.com/?lote=001&garrafa=095&total=250,https://seu-dominio.com/?lote=001&garrafa=095&total=250
096,001,https://seu-dominio.com/?lote=001&garrafa=096&total=250,https://seu-dominio.com/?lote=001&garrafa=096&total=250
097,001,https://seu-dominio.com/?lote=001&garrafa=097&total=250,https://seu-dominio.com/?lote=001&garrafa=097&total=250
098,001,https://seu-dominio.com/?lote=001&garrafa=098&total=250,https://seu-dominio.com/?lote=001&garrafa=098&total=250
099,001,https://seu-dominio.com/?lote=001&garrafa=099&total=250,https://seu-dominio.com/?lote=001&garrafa=099&total=250
100,001,https://seu-dominio.com/?lote=001&garrafa=100&total=250,https://seu-dominio.com/?lote=001&garrafa=100&total=250
101,001,https://seu-dominio.com/?lote=001&garrafa=101&total=250,https://seu-dominio.com/?lote=001&garrafa=101&total=250
102,001,https://seu-dominio.com/?lote=001&garrafa=102&total=250,https://seu-dominio.com/?lote=001&garrafa=102&total=250
103,001,https://seu-dominio.com/?lote=001&garrafa=103&total=250,https://seu-dominio.com/?lote=001&garrafa=103&total=250
104,001,https://seu-dominio.com/?lote=001&garrafa=104&total=250,https://seu-dominio.com/?lote=001&garrafa=104&total=250
105,001,https://seu-dominio.com/?lote=001&garrafa=105&total=250,https://seu-dominio.com/?lote=001&garrafa=105&total=250
106,001,https://seu-dominio.com/?lote=001&garrafa=106&total=250,https://seu-dominio.com/?lote=001&garrafa=106&total=250
107,001,https://seu-dominio.com/?lote=001&garrafa=107&total=250,https://seu-dominio.com/?lote=001&garrafa=107&total=250
108,001,https://seu-dominio.com/?lote=001&garrafa=108&total=250,https://seu-dominio.com/?lote=001&garrafa=108&total=250
109,001,https://seu-dominio.com/?lote=001&garrafa=109&total=250,https://seu-dominio.com/?lote=001&garrafa=109&total=250
110,001,https://seu-dominio.com/?lote=001&garrafa=110&total=250,https://seu-dominio.com/?lote=001&garrafa=110&total=250
111,001,https://seu-dominio.com/?lote=001&garrafa=111&total=250,https://seu-dominio.com/?lote=001&garrafa=111&total=250
112,001,https://seu-dominio.com/?lote=001&garrafa=112&total=250,https://seu-dominio.com/?lote=001&garrafa=112&total=250
113,001,https://seu-dominio.com/?lote=001&garrafa=113&total=250,https://seu-dominio.com/?lote=001&garrafa=113&total=250
114,001,https://seu-dominio.com/?lote=001&garrafa=114&total=250,https://seu-dominio.com/?lote=001&garrafa=114&total=250
115,001,https://seu-dominio.com/?lote=001&garrafa=115&total=250,https://seu-dominio.com/?lote=001&garrafa=115&total=250
116,001,https://seu-dominio.com/?lote=001&garrafa=116&total=250,https://seu-dominio.com/?lote=001&garrafa=116&total=250
117,001,https://seu-dominio.com/?lote=001&garrafa=117&total=250,https://seu-dominio.com/?lote=001&garrafa=117&total=250
118,001,https://seu-dominio.com/?lote=001&garrafa=118&total=250,https://seu-dominio.com/?lote=001&garrafa=118&total=250
119,001,https://seu-dominio.com/?lote=001&garrafa=119&total=250,https://seu-dominio.com/?lote=001&garrafa=119&total=250
120,001,https://seu-dominio.com/?lote=001&garrafa=120&total=250,https://seu-dominio.com/?lote=001&garrafa=120&total=250
121,001,https://seu-dominio.com/?lote=001&garrafa=121&total=250,https://seu-dominio.com/?lote=001&garrafa=121&total=250
122,001,https://seu-dominio.com/?lote=001&garrafa=122&total=250,https://seu-dominio.com/?lote=001&garrafa=122&total=250
123,001,https://seu-dominio.com/?lote=001&garrafa=123&total=250,https://seu-dominio.com/?lote=001&garrafa=123&total=250
124,001,https://seu-dominio.com/?lote=001&garrafa=124&total=250,https://seu-dominio.com/?lote=001&garrafa=124&total=250
125,001,https://seu-dominio.com/?lote=001&garrafa=125&total=250,https://seu-dominio.com/?lote=001&garrafa=125&total=250
126,001,https://seu-dominio.com/?lote=001&garrafa=126&total=250,https://seu-dominio.com/?lote=001&garrafa=126&total=250
127,001,https://seu-dominio.com/?lote=001&garrafa=127&total=250,https://seu-dominio.com/?lote=001&garrafa=127&total=250
128,001,https://seu-dominio.com/?lote=001&garrafa=128&total=250,https://seu-dominio.com/?lote=001&garrafa=128&total=250
129,001,https://seu-dominio.com/?lote=001&garrafa=129&total=250,https://seu-dominio.com/?lote=001&garrafa=129&total=250
130,001,https://seu-dominio.com/?lote=001&garrafa=130&total=250,https://seu-dominio.com/?lote=001&garrafa=130&total=250
131,001,https://seu-dominio.com/?lote=001&garrafa=131&total=250,https://seu-dominio.com/?lote=001&garrafa=131&total=250
132,001,https://seu-dominio.com/?lote=001&garrafa=132&total=250,https://seu-dominio.com/?lote=001&garrafa=132&total=250
133,001,https://seu-dominio.com/?lote=001&garrafa=133&total=250,https://seu-dominio.com/?lote=001&garrafa=133&total=250
134,001,https://seu-dominio.com/?lote=001&garrafa=134&total=250,https://seu-dominio.com/?lote=001&garrafa=134&total=250
135,001,https://seu-dominio.com/?lote=001&garrafa=135&total=250,https://seu-dominio.com/?lote=001&garrafa=135&total=250
136,001,https://seu-dominio.com/?lote=001&garrafa=136&total=250,https://seu-dominio.com/?lote=001&garrafa=136&total=250
137,001,https://seu-dominio.com/?lote=001&garrafa=137&total=250,https://seu-dominio.com/?lote=001&garrafa=137&total=250
138,001,https://seu-dominio.com/?lote=001&garrafa=138&total=250,https://seu-dominio.com/?lote=001&garrafa=138&total=250
139,001,https://seu-dominio.com/?lote=001&garrafa=139&total=250,https://seu-dominio.com/?lote=001&garrafa=139&total=250
140,001,https://seu-dominio.com/?lote=001&garrafa=140&total=250,https://seu-dominio.com/?lote=001&garrafa=140&total=250
141,001,https://seu-dominio.com/?lote=001&garrafa=141&total=250,https://seu-dominio.com/?lote=001&garrafa=141&total=250
142,001,https://seu-dominio.com/?lote=001&garrafa=142&total=250,https://seu-dominio.com/?lote=001&garrafa=142&total=250
143,001,https://seu-dominio.com/?lote=001&garrafa=143&total=250,https://seu-dominio.com/?lote=001&garrafa=143&total=250
144,001,https://seu-dominio.com/?lote=001&garrafa=144&total=250,https://seu-dominio.com/?lote=001&garrafa=144&total=250
145,001,https://seu-dominio.com/?lote=001&garrafa=145&total=250,https://seu-dominio.com/?lote=001&garrafa=145&total=250
146,001,https://seu-dominio.com/?lote=001&garrafa=146&total=250,https://seu-dominio.com/?lote=001&garrafa=146&total=250
147,001,https://seu-dominio.com/?lote=001&garrafa=147&total=250,https://seu-dominio.com/?lote=001&garrafa=147&total=250
148,001,https://seu-dominio.com/?lote=001&garrafa=148&total=250,https://seu-dominio.com/?lote=001&garrafa=148&total=250
149,001,https://seu-dominio.com/?lote=001&garrafa=149&total=250,https://seu-dominio.com/?lote=001&garrafa=149&total=250
150,001,https://seu-dominio.com/?lote=001&garrafa=150&total=250,https://seu-dominio.com/?lote=001&garrafa=150&total=250
151,001,https://seu-dominio.com/?lote=001&garrafa=151&total=250,https://seu-dominio.com/?lote=001&garrafa=151&total=250
152,001,https://seu-dominio.com/?lote=001&garrafa=152&total=250,https://seu-dominio.com/?lote=001&garrafa=152&total=250
153,001,https://seu-dominio.com/?lote=001&garrafa=153&total=250,https://seu-dominio.com/?lote=001&garrafa=153&total=250
154,001,https://seu-dominio.com/?lote=001&garrafa=154&total=250,https://seu-dominio.com/?lote=001&garrafa=154&total=250
155,001,https://seu-dominio.com/?lote=001&garrafa=155&total=250,https://seu-dominio.com/?lote=001&garrafa=155&total=250
156,001,https://seu-dominio.com/?lote=001&garrafa=156&total=250,https://seu-dominio.com/?lote=001&garrafa=156&total=250
157,001,https://seu-dominio.com/?lote=001&garrafa=157&total=250,https://seu-dominio.com/?lote=001&garrafa=157&total=250
158,001,https://seu-dominio.com/?lote=001&garrafa=158&total=250,https://seu-dominio.com/?lote=001&garrafa=158&total=250
159,001,https://seu-dominio.com/?lote=001&garrafa=159&total=250,https://seu-dominio.com/?lote=001&garrafa=159&total=250
160,001,https://seu-dominio.com/?lote=001&garrafa=160&total=250,https://seu-dominio.com/?lote=001&garrafa=160&total=250
161,001,https://seu-dominio.com/?lote=001&garrafa=161&total=250,https://seu-dominio.com/?lote=001&garrafa=161&total=250
162,001,https://seu-dominio.com/?lote=001&garrafa=162&total=250,https://seu-dominio.com/?lote=001&garrafa=162&total=250
163,001,https://seu-dominio.com/?lote=001&garrafa=163&total=250,https://seu-dominio.com/?lote=001&garrafa=163&total=250
164,001,https://seu-dominio.com/?lote=001&garrafa=164&total=250,https://seu-dominio.com/?lote=001&garrafa=164&total=250
165,001,https://seu-dominio.com/?lote=001&garrafa=165&total=250,https://seu-dominio.com/?lote=001&garrafa=165&total=250
166,001,https://seu-dominio.com/?lote=001&garrafa=166&total=250,https://seu-dominio.com/?lote=001&garrafa=166&total=250
167,001,https://seu-dominio.com/?lote=001&garrafa=167&total=250,https://seu-dominio.com/?lote=001&garrafa=167&total=250
168,001,https://seu-dominio.com/?lote=001&garrafa=168&total=250,https://seu-dominio.com/?lote=001&garrafa=168&total=250
169,001,https://seu-dominio.com/?lote=001&garrafa=169&total=250,https://seu-dominio.com/?lote=001&garrafa=169&total=250
170,001,https://seu-dominio.com/?lote=001&garrafa=170&total=250,https://seu-dominio.com/?lote=001&garrafa=170&total=250
171,001,https://seu-dominio.com/?lote=001&garrafa=171&total=250,https://seu-dominio.com/?lote=001&garrafa=171&total=250
172,001,https://seu-dominio.com/?lote=001&garrafa=172&total=250,https://seu-dominio.com/?lote=001&garrafa=172&total=250
173,001,https://seu-dominio.com/?lote=001&garrafa=173&total=250,https://seu-dominio.com/?lote=001&garrafa=173&total=250
174,001,https://seu-dominio.com/?lote=001&garrafa=174&total=250,https://seu-dominio.com/?lote=001&garrafa=174&total=250
175,001,https://seu-dominio.com/?lote=001&garrafa=175&total=250,https://seu-dominio.com/?lote=001&garrafa=175&total=250
176,001,https://seu-dominio.com/?lote=001&garrafa=176&total=250,https://seu-dominio.com/?lote=001&garrafa=176&total=250
177,001,https://seu-dominio.com/?lote=001&garrafa=177&total=250,https://seu-dominio.com/?lote=001&garrafa=177&total=250
178,001,https://seu-dominio.com/?lote=001&garrafa=178&total=250,https://seu-dominio.com/?lote=001&garrafa=178&total=250
179,001,https://seu-dominio.com/?lote=001&garrafa=179&total=250,https://seu-dominio.com/?lote=001&garrafa=179&total=250
180,001,https://seu-dominio.com/?lote=001&garrafa=180&total=250,https://seu-dominio.com/?lote=001&garrafa=180&total=250
181,001,https://seu-dominio.com/?lote=001&garrafa=181&total=250,https://seu-dominio.com/?lote=001&garrafa=181&total=250
182,001,https://seu-dominio.com/?lote=001&garrafa=182&total=250,https://seu-dominio.com/?lote=001&garrafa=182&total=250
183,001,https://seu-dominio.com/?lote=001&garrafa=183&total=250,https://seu-dominio.com/?lote=001&garrafa=183&total=250
184,001,https://seu-dominio.com/?lote=001&garrafa=184&total=250,https://seu-dominio.com/?lote=001&garrafa=184&total=250
185,001,https://seu-dominio.com/?lote=001&garrafa=185&total=250,https://seu-dominio.com/?lote=001&garrafa=185&total=250
186,001,https://seu-dominio.com/?lote=001&garrafa=186&total=250,https://seu-dominio.com/?lote=001&garrafa=186&total=250
187,001,https://seu-dominio.com/?lote=001&garrafa=187&total=250,https://seu-dominio.com/?lote=001&garrafa=187&total=250
188,001,https://seu-dominio.com/?lote=001&garrafa=188&total=250,https://seu-dominio.com/?lote=001&garrafa=188&total=250
189,001,https://seu-dominio.com/?lote=001&garrafa=189&total=250,https://seu-dominio.com/?lote=001&garrafa=189&total=250
190,001,https://seu-dominio.com/?lote=001&garrafa=190&total=250,https://seu-dominio.com/?lote=001&garrafa=190&total=250
191,001,https://seu-dominio.com/?lote=001&garrafa=191&total=250,https://seu-dominio.com/?lote=001&garrafa=191&total=250
192,001,https://seu-dominio.com/?lote=001&garrafa=192&total=250,https://seu-dominio.com/?lote=001&garrafa=192&total=250
193,001,https://seu-dominio.com/?lote=001&garrafa=193&total=250,https://seu-dominio.com/?lote=001&garrafa=193&total=250
194,001,https://seu-dominio.com/?lote=001&garrafa=194&total=250,https://seu-dominio.com/?lote=001&garrafa=194&total=250
195,001,https://seu-dominio.com/?lote=001&garrafa=195&total=250,https://seu-dominio.com/?lote=001&garrafa=195&total=250
196,001,https://seu-dominio.com/?lote=001&garrafa=196&total=250,https://seu-dominio.com/?lote=001&garrafa=196&total=250
197,001,https://seu-dominio.com/?lote=001&garrafa=197&total=250,https://seu-dominio.com/?lote=001&garrafa=197&total=250
198,001,https://seu-dominio.com/?lote=001&garrafa=198&total=250,https://seu-dominio.com/?lote=001&garrafa=198&total=250
199,001,https://seu-dominio.com/?lote=001&garrafa=199&total=250,https://seu-dominio.com/?lote=001&garrafa=199&total=250
200,001,https://seu-dominio.com/?lote=001&garrafa=200&total=250,https://seu-dominio.com/?lote=001&garrafa=200&total=250
201,001,https://seu-dominio.com/?lote=001&garrafa=201&total=250,https://seu-dominio.com/?lote=001&garrafa=201&total=250
202,001,https://seu-dominio.com/?lote=001&garrafa=202&total=250,https://seu-dominio.com/?lote=001&garrafa=202&total=250
203,001,https://seu-dominio.com/?lote=001&garrafa=203&total=250,https://seu-dominio.com/?lote=001&garrafa=203&total=250
204,001,https://seu-dominio.com/?lote=001&garrafa=204&total=250,https://seu-dominio.com/?lote=001&garrafa=204&total=250
205,001,https://seu-dominio.com/?lote=001&garrafa=205&total=250,https://seu-dominio.com/?lote=001&garrafa=205&total=250
206,001,https://seu-dominio.com/?lote=001&garrafa=206&total=250,https://seu-dominio.com/?lote=001&garrafa=206&total=250
207,001,https://seu-dominio.com/?lote=001&garrafa=207&total=250,https://seu-dominio.com/?lote=001&garrafa=207&total=250
208,001,https://seu-dominio.com/?lote=001&garrafa=208&total=250,https://seu-dominio.com/?lote=001&garrafa=208&total=250
209,001,https://seu-dominio.com/?lote=001&garrafa=209&total=250,https://seu-dominio.com/?lote=001&garrafa=209&total=250
210,001,https://seu-dominio.com/?lote=001&garrafa=210&total=250,https://seu-dominio.com/?lote=001&garrafa=210&total=250
211,001,https://seu-dominio.com/?lote=001&garrafa=211&total=250,https://seu-dominio.com/?lote=001&garrafa=211&total=250
212,001,https://seu-dominio.com/?lote=001&garrafa=212&total=250,https://seu-dominio.com/?lote=001&garrafa=212&total=250
213,001,https://seu-dominio.com/?lote=001&garrafa=213&total=250,https://seu-dominio.com/?lote=001&garrafa=213&total=250
214,001,https://seu-dominio.com/?lote=001&garrafa=214&total=250,https://seu-dominio.com/?lote=001&garrafa=214&total=250
215,001,https://seu-dominio.com/?lote=001&garrafa=215&total=250,https://seu-dominio.com/?lote=001&garrafa=215&total=250
216,001,https://seu-dominio.com/?lote=001&garrafa=216&total=250,https://seu-dominio.com/?lote=001&garrafa=216&total=250
217,001,https://seu-dominio.com/?lote=001&garrafa=217&total=250,https://seu-dominio.com/?lote=001&garrafa=217&total=250
218,001,https://seu-dominio.com/?lote=001&garrafa=218&total=250,https://seu-dominio.com/?lote=001&garrafa=218&total=250
219,001,https://seu-dominio.com/?lote=001&garrafa=219&total=250,https://seu-dominio.com/?lote=001&garrafa=219&total=250
220,001,https://seu-dominio.com/?lote=001&garrafa=220&total=250,https://seu-dominio.com/?lote=001&garrafa=220&total=250
221,001,https://seu-dominio.com/?lote=001&garrafa=221&total=250,https://seu-dominio.com/?lote=001&garrafa=221&total=250
222,001,https://seu-dominio.com/?lote=001&garrafa=222&total=250,https://seu-dominio.com/?lote=001&garrafa=222&total=250
223,001,https://seu-dominio.com/?lote=001&garrafa=223&total=250,https://seu-dominio.com/?lote=001&garrafa=223&total=250
224,001,https://seu-dominio.com/?lote=001&garrafa=224&total=250,https://seu-dominio.com/?lote=001&garrafa=224&total=250
225,001,https://seu-dominio.com/?lote=001&garrafa=225&total=250,https://seu-dominio.com/?lote=001&garrafa=225&total=250
226,001,https://seu-dominio.com/?lote=001&garrafa=226&total=250,https://seu-dominio.com/?lote=001&garrafa=226&total=250
227,001,https://seu-dominio.com/?lote=001&garrafa=227&total=250,https://seu-dominio.com/?lote=001&garrafa=227&total=250
228,001,https://seu-dominio.com/?lote=001&garrafa=228&total=250,https://seu-dominio.com/?lote=001&garrafa=228&total=250
229,001,https://seu-dominio.com/?lote=001&garrafa=229&total=250,https://seu-dominio.com/?lote=001&garrafa=229&total=250
230,001,https://seu-dominio.com/?lote=001&garrafa=230&total=250,https://seu-dominio.com/?lote=001&garrafa=230&total=250
231,001,https://seu-dominio.com/?lote=001&garrafa=231&total=250,https://seu-dominio.com/?lote=001&garrafa=231&total=250
232,001,https://seu-dominio.com/?lote=001&garrafa=232&total=250,https://seu-dominio.com/?lote=001&garrafa=232&total=250
233,001,https://seu-dominio.com/?lote=001&garrafa=233&total=250,https://seu-dominio.com/?lote=001&garrafa=233&total=250
234,001,https://seu-dominio.com/?lote=001&garrafa=234&total=250,https://seu-dominio.com/?lote=001&garrafa=234&total=250
235,001,https://seu-dominio.com/?lote=001&garrafa=235&total=250,https://seu-dominio.com/?lote=001&garrafa=235&total=250
236,001,https://seu-dominio.com/?lote=001&garrafa=236&total=250,https://seu-dominio.com/?lote=001&garrafa=236&total=250
237,001,https://seu-dominio.com/?lote=001&garrafa=237&total=250,https://seu-dominio.com/?lote=001&garrafa=237&total=250
238,001,https://seu-dominio.com/?lote=001&garrafa=238&total=250,https://seu-dominio.com/?lote=001&garrafa=238&total=250
239,001,https://seu-dominio.com/?lote=001&garrafa=239&total=250,https://seu-dominio.com/?lote=001&garrafa=239&total=250
240,001,https://seu-dominio.com/?lote=001&garrafa=240&total=250,https://seu-dominio.com/?lote=001&garrafa=240&total=250
241,001,https://seu-dominio.com/?lote=001&garrafa=241&total=250,https://seu-dominio.com/?lote=001&garrafa=241&total=250
242,001,https://seu-dominio.com/?lote=001&garrafa=242&total=250,https://seu-dominio.com/?lote=001&garrafa=242&total=250
243,001,https://seu-dominio.com/?lote=001&garrafa=243&total=250,https://seu-dominio.com/?lote=001&garrafa=243&total=250
244,001,https://seu-dominio.com/?lote=001&garrafa=244&total=250,https://seu-dominio.com/?lote=001&garrafa=244&total=250
245,001,https://seu-dominio.com/?lote=001&garrafa=245&total=250,https://seu-dominio.com/?lote=001&garrafa=245&total=250
246,001,https://seu-dominio.com/?lote=001&garrafa=246&total=250,https://seu-dominio.com/?lote=001&garrafa=246&total=250
247,001,https://seu-dominio.com/?lote=001&garrafa=247&total=250,https://seu-dominio.com/?lote=001&garrafa=247&total=250
248,001,https://seu-dominio.com/?lote=001&garrafa=248&total=250,https://seu-dominio.com/?lote=001&garrafa=248&total=250
249,001,https://seu-dominio.com/?lote=001&garrafa=249&total=250,https://seu-dominio.com/?lote=001&garrafa=249&total=250
250,001,https://seu-dominio.com/?lote=001&garrafa=250&total=250,https://seu-dominio.com/?lote=001&garrafa=250&total=250
